1,2,3,ga:sessions
/matrasy/dostupnye-tehnologii/serta/,(not set),/matrasy/dostupnye-tehnologii/serta/,1
/matrasy/dostupnye-tehnologii/serta/astoria.htm,/matrasy/dvuspalnye-matrasy/,/matrasy/dostupnye-tehnologii/serta/astoria.htm,1
/matrasy/dostupnye-tehnologii/serta/bennett-dorsey.htm,/matrasy/dostupnye-tehnologii/serta/bennett-dorsey.htm,/matrasy/dostupnye-tehnologii/serta/bennett-dorsey.htm,1
/matrasy/dostupnye-tehnologii/serta/bennett.htm,/matrasy/dostupnye-tehnologii/serta/bennett.htm,/matrasy/dostupnye-tehnologii/serta/bennett.htm,1
/matrasy/dostupnye-tehnologii/serta/orland-park.htm,/matrasy/dostupnye-tehnologii/serta/orland-park.htm,/matrasy/dostupnye-tehnologii/serta/orland-park.htm,1
/matrasy/dostupnye-tehnologii/serta/sanders-akciya.htm,(not set),/matrasy/dostupnye-tehnologii/serta/sanders-akciya.htm,1
/matrasy/samye-roskoshnye/limited-edition/serta-cooper.htm,/search/,/search/,1
/matrasy/samye-roskoshnye/limited-edition/serta-cooper.htm,/matrasy/samye-roskoshnye/limited-edition/serta-cooper.htm/160x200/,/matrasy/samye-roskoshnye/limited-edition/serta-cooper.htm/160x200/,1
/landing/matrasy/serta/,(not set),/landing/matrasy/serta/,5
/landing/matrasy/serta/,/matrasy/dostupnye-tehnologii/serta/astoria.htm,/matrasy/dostupnye-tehnologii/serta/astoria.htm,1
/landing/matrasy/serta/,/matrasy/dostupnye-tehnologii/serta/orland-park.htm,/matrasy/dostupnye-tehnologii/serta/orland-park.htm,1
/landing/matrasy/serta/,/matrasy/dostupnye-tehnologii/serta/sanders.htm,/matrasy/dostupnye-tehnologii/family/family-care.htm,1
/landing/matrasy/serta/,/matrasy/dostupnye-tehnologii/serta/sanders.htm,/matrasy/dostupnye-tehnologii/serta/sanders.htm,1
(not set),(not set),(not set),2
/,(not set),/,1
/matrasy/dostupnye-tehnologii/serta/,(not set),/matrasy/dostupnye-tehnologii/serta/,2
/matrasy/dostupnye-tehnologii/serta/,/search/,/matrasy/ekonomika-sna/vygodnye-predlozheniya/sleep-expert-profi-comfort.htm,1
/matrasy/dostupnye-tehnologii/serta/,/matrasy/dostupnye-tehnologii/serta/astoria.htm,/matrasy/dostupnye-tehnologii/serta/bennett.htm,1
/matrasy/dostupnye-tehnologii/serta/,/matrasy/collections/,/krovati/180-i-190-i-195-i-200x/,1
/matrasy/dostupnye-tehnologii/serta/,(not set),/matrasy/dostupnye-tehnologii/serta/,2
/matrasy/dostupnye-tehnologii/serta/,/matrasy/collections/,/matrasy/dvuspalnye-matrasy/,1
